{
  "0": {
    "precision": 0.945878143171078,
    "recall": 0.9467619177388901,
    "f1-score": 0.9463198241142479,
    "support": 51373.0
  },
  "1": {
    "precision": 0.8646035890882827,
    "recall": 0.8644595044995,
    "f1-score": 0.8645315407905336,
    "support": 18002.0
  },
  "2": {
    "precision": 0.9156118143459916,
    "recall": 0.9122807017543859,
    "f1-score": 0.9139432227756854,
    "support": 12369.0
  },
  "accuracy": 0.923419455862204,
  "macro avg": {
    "precision": 0.9086978488684507,
    "recall": 0.9078340413309253,
    "f1-score": 0.9082648625601557,
    "support": 81744.0
  },
  "weighted avg": {
    "precision": 0.923399811503482,
    "recall": 0.923419455862204,
    "f1-score": 0.9234090434043464,
    "support": 81744.0
  }
}