{
  "0": {
    "precision": 0.9378575581940615,
    "recall": 0.9732738987405836,
    "f1-score": 0.9552375675830579,
    "support": 51373.0
  },
  "1": {
    "precision": 0.9235237173281704,
    "recall": 0.8479057882457505,
    "f1-score": 0.8841007819287576,
    "support": 18002.0
  },
  "2": {
    "precision": 0.9436276568932201,
    "recall": 0.9080766432209556,
    "f1-score": 0.9255108767303889,
    "support": 12369.0
  },
  "accuracy": 0.9357995693873556,
  "macro avg": {
    "precision": 0.9350029774718173,
    "recall": 0.9097521100690965,
    "f1-score": 0.9216164087474015,
    "support": 81744.0
  },
  "weighted avg": {
    "precision": 0.9355739966793586,
    "recall": 0.9357995693873556,
    "f1-score": 0.9350734716921623,
    "support": 81744.0
  }
}